{
  "x": {
    "x[1,7,1,5]": 1.0,
    "x[2,3,1,1]": 1.0,
    "x[3,5,1,2]": 1.0,
    "x[4,1,1,4]": 1.0,
    "x[5,4,1,3]": 1.0,
    "x[6,7,0,1]": 1.0,
    "x[0,2,1,0]": 1.0,
    "x[0,6,0,0]": 1.0
  },
  "a": {
    "a[1,0]": 3.1221741947846273,
    "a[1,1]": 5.864070579002406,
    "a[2,0]": 6.244348389569346,
    "a[2,1]": 13.891587739890603,
    "a[3,1]": 21.060071798181045,
    "a[4,1]": 25.423124768969867,
    "a[5,1]": 29.27943809472773
  },
  "d": {
    "d[1,0]": 3.122174194784698,
    "d[1,1]": 5.864070579002406,
    "d[2,1]": 13.891587739891492,
    "d[3,1]": 21.06007179818144,
    "d[4,1]": 25.423124768970123,
    "d[5,0]": 60.0,
    "d[5,1]": 29.279438094727915
  },
  "T": {
    "T[0]": 6.2443483895694225
  },
  "b": {},
  "m": {},
  "y": {
    "y[1,1]": 1.0,
    "y[2,1]": 1.0,
    "y[3,1]": 1.0,
    "y[4,1]": 1.0,
    "y[5,1]": 1.0,
    "y[6,1]": 1.0
  },
  "y_a": {},
  "z": {
    "z[1,0,0,0]": 1.0,
    "z[2,0,0,0]": 1.0,
    "z[3,0,0,0]": 1.0,
    "z[4,0,0,0]": 1.0,
    "z[5,0,0,0]": 1.0,
    "z[6,0,0,0]": 1.0,
    "z[6,1,0,0]": 1.0,
    "z[1,0,0,1]": 1.0,
    "z[2,0,0,1]": 1.0,
    "z[3,0,0,1]": 1.0,
    "z[4,0,0,1]": 1.0,
    "z[5,0,0,1]": 1.0,
    "z[6,0,0,1]": 1.0,
    "z[1,0,0,2]": 1.0,
    "z[2,0,0,2]": 1.0,
    "z[3,0,0,2]": 1.0,
    "z[4,0,0,2]": 1.0,
    "z[5,0,0,2]": 1.0,
    "z[6,0,0,2]": 1.0,
    "z[1,0,0,3]": 1.0,
    "z[2,0,0,3]": 1.0,
    "z[3,0,0,3]": 1.0,
    "z[4,0,0,3]": 1.0,
    "z[5,0,0,3]": 1.0,
    "z[6,0,0,3]": 1.0,
    "z[1,0,0,4]": 1.0,
    "z[2,0,0,4]": 1.0,
    "z[3,0,0,4]": 1.0,
    "z[4,0,0,4]": 1.0,
    "z[5,0,0,4]": 1.0,
    "z[6,0,0,4]": 1.0,
    "z[2,5,0,4]": 1.0,
    "z[3,5,0,4]": 1.0,
    "z[5,5,0,4]": 1.0,
    "z[6,5,0,4]": 1.0,
    "z[1,0,0,5]": 1.0,
    "z[2,0,0,5]": 1.0,
    "z[3,0,0,5]": 1.0,
    "z[4,0,0,5]": 1.0,
    "z[5,0,0,5]": 1.0,
    "z[6,0,0,5]": 1.0,
    "z[2,5,0,5]": 1.0,
    "z[3,5,0,5]": 1.0,
    "z[5,5,0,5]": 1.0,
    "z[6,5,0,5]": 1.0,
    "z[1,0,1,0]": 1.0,
    "z[2,0,1,0]": 1.0,
    "z[3,0,1,0]": 1.0,
    "z[4,0,1,0]": 1.0,
    "z[5,0,1,0]": 1.0,
    "z[6,0,1,0]": 1.0,
    "z[1,5,1,0]": 1.0,
    "z[1,0,1,1]": 1.0,
    "z[2,0,1,1]": 1.0,
    "z[3,0,1,1]": 1.0,
    "z[4,0,1,1]": 1.0,
    "z[5,0,1,1]": 1.0,
    "z[6,0,1,1]": 1.0,
    "z[1,5,1,1]": 1.0,
    "z[1,0,1,2]": 1.0,
    "z[2,0,1,2]": 1.0,
    "z[3,0,1,2]": 1.0,
    "z[4,0,1,2]": 1.0,
    "z[5,0,1,2]": 1.0,
    "z[6,0,1,2]": 1.0,
    "z[1,5,1,2]": 1.0,
    "z[4,5,1,2]": 1.0,
    "z[1,0,1,3]": 1.0,
    "z[2,0,1,3]": 1.0,
    "z[3,0,1,3]": 1.0,
    "z[4,0,1,3]": 1.0,
    "z[5,0,1,3]": 1.0,
    "z[6,0,1,3]": 1.0,
    "z[1,5,1,3]": 1.0,
    "z[1,0,1,4]": 1.0,
    "z[2,0,1,4]": 1.0,
    "z[3,0,1,4]": 1.0,
    "z[4,0,1,4]": 1.0,
    "z[5,0,1,4]": 1.0,
    "z[6,0,1,4]": 1.0,
    "z[1,5,1,4]": 1.0,
    "z[1,0,1,5]": 1.0,
    "z[2,0,1,5]": 1.0,
    "z[3,0,1,5]": 1.0,
    "z[4,0,1,5]": 1.0,
    "z[5,0,1,5]": 1.0,
    "z[6,0,1,5]": 1.0,
    "z[3,5,1,5]": 1.0,
    "z[4,5,1,5]": 1.0,
    "z[5,5,1,5]": 1.0,
    "z[6,5,1,5]": 1.0
  },
  "e": {},
  "e_a": {},
  "L": 30,
  "L_a": 60,
  "staff_velocity": 0.58,
  "drone_velocity": 0.83,
  "num_staff": 2,
  "cus_per_staff": -1,
  "distance_coeff": -1,
  "solver": "GUROBI",
  "solver_log": false,
  "num_worker": -1,
  "time_limit": 180,
  "model_params": {},
  "Optimal": -104.88481556512562,
  "Time": 11.797368049621582,
  "num_constraint": 4007,
  "Number of variables": 2481,
  "status": "OPTIMAL"
}