{
  "x": {
    "x[0,1,0]": 1.0,
    "x[3,2,0]": 1.0,
    "x[4,3,0]": 1.0,
    "x[1,4,0]": 1.0,
    "x[6,5,0]": 1.0,
    "x[2,6,0]": 1.0,
    "x[5,7,0]": 1.0
  },
  "y": {
    "y[0,1,0]": 1.0,
    "y[1,7,0]": 1.0,
    "y[0,4,1]": 1.0,
    "y[4,7,1]": 1.0,
    "y[0,3,2]": 1.0,
    "y[3,7,2]": 1.0,
    "y[0,2,3]": 1.0,
    "y[2,7,3]": 1.0,
    "y[0,6,4]": 1.0,
    "y[6,7,4]": 1.0,
    "y[0,5,5]": 1.0,
    "y[5,7,5]": 1.0
  },
  "f": {
    "f[1,4,0,0]": 1.0,
    "f[4,3,0,1]": 1.0,
    "f[3,2,0,2]": 1.0,
    "f[2,6,0,3]": 1.0,
    "f[6,5,0,4]": 1.0,
    "f[5,7,0,5]": 1.0
  },
  "g": {
    "g[1,1,0,0]": 1.0,
    "g[4,4,0,1]": 1.0,
    "g[3,3,0,2]": 1.0,
    "g[2,2,0,3]": 0.9999999816877525,
    "g[2,6,0,4]": 1.8173358535268497e-08,
    "g[6,6,0,4]": 1.0,
    "g[5,5,0,5]": 1.0
  },
  "s": {},
  "t": {
    "t[1]": 2.1359522162534184,
    "t[2]": 20.763808246562,
    "t[3]": 12.736291085673798,
    "t[4]": 5.992265542002446,
    "t[5]": 33.64158487478131,
    "t[6]": 28.04307030330943
  },
  "t_a": {
    "t_a[1]": 2.135952216253429,
    "t_a[2]": 20.763808246562,
    "t_a[3]": 12.736291085673798,
    "t_a[4]": 5.992265542002446,
    "t_a[5]": 33.64158487478131,
    "t_a[6]": 28.04307030330943
  },
  "T": {
    "T[1]": 2.135952216253763,
    "T[2]": 20.763808246562796,
    "T[3]": 12.73629108567377,
    "T[4]": 5.992265542004361,
    "T[5]": 33.64158487478133,
    "T[6]": 28.043070303309417
  },
  "v": {
    "v[1, 0]": 1.492593114972509,
    "v[5, 0]": 30.0,
    "v[7, 0]": 2.9851862299450156,
    "v[4, 1]": 1.2412349611792581,
    "v[7, 1]": 2.4824699223584545,
    "v[3, 2]": 3.7669831199036503,
    "v[4, 2]": 4.247383873628451,
    "v[7, 2]": 7.5339662398073,
    "v[2, 3]": 4.097784260025772,
    "v[4, 3]": 4.247383873628451,
    "v[6, 3]": 30.0,
    "v[7, 3]": 8.1955685200515,
    "v[4, 4]": 4.247383873628451,
    "v[6, 4]": 2.18176028069287,
    "v[7, 4]": 4.363520561385692,
    "v[2, 5]": 30.0,
    "v[4, 5]": 4.247383873628451,
    "v[5, 5]": 2.2811239490011253,
    "v[7, 5]": 4.562247898002249
  },
  "A": {
    "A[0]": 3.628545331219269,
    "A[1]": 7.233500503181572,
    "A[2]": 16.50327420557749,
    "A[3]": 24.86159250658812,
    "A[4]": 30.224830584002284,
    "A[5]": 35.922708823782834
  },
  "B": {
    "B[0]": 36.905951905248465,
    "B[1]": 480.0
  },
  "B_a": {
    "B_a[0]": 480.0,
    "B_a[1]": 480.0
  },
  "C": {
    "C[1, 0]": 1.4925931149655065,
    "C[4, 1]": 1.2412349611772115,
    "C[3, 2]": 3.7669831199037196,
    "C[2, 3]": 4.097775050713193,
    "C[6, 4]": 2.181760280692866,
    "C[5, 5]": 2.281123949001504
  },
  "D": {},
  "u": {},
  "L": 30,
  "L_a": 480,
  "staff_velocity": 0.58,
  "drone_velocity": 0.83,
  "num_staff": 2,
  "cus_per_staff": -1,
  "distance_coeff": -1,
  "solver": "GUROBI",
  "solver_log": true,
  "num_worker": -1,
  "time_limit": 36000,
  "model_params": {
    "MIPFocus": 2,
    "Threads": 4
  },
  "Optimal": 15.061470476454001,
  "Time": 36000.015473127365,
  "num_constraint": 804,
  "Number of variables": 1706,
  "status": "FEASIBLE"
}