{
  "x": {
    "x[1,7,0,1]": 1.0,
    "x[2,4,1,1]": 1.0,
    "x[3,5,1,3]": 1.0,
    "x[4,3,1,2]": 1.0,
    "x[5,6,1,4]": 1.0,
    "x[6,7,1,5]": 1.0,
    "x[0,1,0,0]": 1.0,
    "x[0,2,1,0]": 1.0
  },
  "a": {
    "a[1,0]": 3.9934278357344417,
    "a[1,1]": 5.209041665121309,
    "a[2,0]": 7.986855671468883,
    "a[2,1]": 13.232227442443909,
    "a[3,1]": 20.98574972054233,
    "a[4,1]": 24.964624404935176,
    "a[5,1]": 29.300367014997153
  },
  "d": {
    "d[1,0]": 3.9934278357344417,
    "d[1,1]": 5.209041665121317,
    "d[2,1]": 13.232227442443909,
    "d[3,1]": 20.98574972054233,
    "d[4,1]": 24.964624404935176,
    "d[5,1]": 29.300367014997153
  },
  "T": {
    "T[0]": 7.9868556714702414
  },
  "b": {
    "b[7,5]": 60.0
  },
  "m": {},
  "y": {
    "y[1,1]": 1.0,
    "y[2,1]": 1.0,
    "y[3,1]": 1.0,
    "y[4,1]": 1.0,
    "y[5,1]": 1.0,
    "y[6,1]": 1.0
  },
  "y_a": {},
  "z": {
    "z[1,0,0,0]": 1.0,
    "z[2,0,0,0]": 1.0,
    "z[3,0,0,0]": 1.0,
    "z[4,0,0,0]": 1.0,
    "z[5,0,0,0]": 1.0,
    "z[6,0,0,0]": 1.0,
    "z[1,1,0,0]": 1.0,
    "z[2,1,0,0]": 1.0,
    "z[3,1,0,0]": 1.0,
    "z[4,1,0,0]": 1.0,
    "z[5,1,0,0]": 1.0,
    "z[6,1,0,0]": 1.0,
    "z[2,4,0,0]": 1.0,
    "z[3,4,0,0]": 1.0,
    "z[4,4,0,0]": 1.0,
    "z[1,5,0,0]": 1.0,
    "z[2,5,0,0]": 1.0,
    "z[3,5,0,0]": 1.0,
    "z[4,5,0,0]": 1.0,
    "z[5,5,0,0]": 1.0,
    "z[6,5,0,0]": 1.0,
    "z[1,0,0,1]": 1.0,
    "z[2,0,0,1]": 1.0,
    "z[3,0,0,1]": 1.0,
    "z[4,0,0,1]": 1.0,
    "z[5,0,0,1]": 1.0,
    "z[6,0,0,1]": 1.0,
    "z[1,1,0,1]": 1.0,
    "z[2,1,0,1]": 1.0,
    "z[3,1,0,1]": 1.0,
    "z[4,1,0,1]": 1.0,
    "z[5,1,0,1]": 1.0,
    "z[6,1,0,1]": 1.0,
    "z[5,3,0,1]": 1.0,
    "z[1,4,0,1]": 1.0,
    "z[2,4,0,1]": 1.0,
    "z[3,4,0,1]": 1.0,
    "z[4,4,0,1]": 1.0,
    "z[5,4,0,1]": 1.0,
    "z[1,5,0,1]": 1.0,
    "z[2,5,0,1]": 1.0,
    "z[3,5,0,1]": 1.0,
    "z[4,5,0,1]": 1.0,
    "z[5,5,0,1]": 1.0,
    "z[6,5,0,1]": 1.0,
    "z[1,0,0,2]": 1.0,
    "z[2,0,0,2]": 1.0,
    "z[3,0,0,2]": 1.0,
    "z[4,0,0,2]": 1.0,
    "z[5,0,0,2]": 1.0,
    "z[6,0,0,2]": 1.0,
    "z[1,1,0,2]": 1.0,
    "z[3,1,0,2]": 1.0,
    "z[4,1,0,2]": 1.0,
    "z[5,1,0,2]": 1.0,
    "z[6,1,0,2]": 1.0,
    "z[1,4,0,2]": 1.0,
    "z[2,4,0,2]": 1.0,
    "z[3,4,0,2]": 1.0,
    "z[4,4,0,2]": 1.0,
    "z[5,4,0,2]": 1.0,
    "z[6,4,0,2]": 1.0,
    "z[1,5,0,2]": 1.0,
    "z[2,5,0,2]": 1.0,
    "z[3,5,0,2]": 1.0,
    "z[4,5,0,2]": 1.0,
    "z[5,5,0,2]": 1.0,
    "z[6,5,0,2]": 1.0,
    "z[1,0,0,3]": 1.0,
    "z[2,0,0,3]": 1.0,
    "z[3,0,0,3]": 1.0,
    "z[4,0,0,3]": 1.0,
    "z[5,0,0,3]": 1.0,
    "z[6,0,0,3]": 1.0,
    "z[1,1,0,3]": 1.0,
    "z[3,1,0,3]": 1.0,
    "z[4,1,0,3]": 1.0,
    "z[5,1,0,3]": 1.0,
    "z[6,1,0,3]": 1.0,
    "z[2,4,0,3]": 1.0,
    "z[4,4,0,3]": 1.0,
    "z[1,5,0,3]": 1.0,
    "z[2,5,0,3]": 1.0,
    "z[3,5,0,3]": 1.0,
    "z[4,5,0,3]": 1.0,
    "z[5,5,0,3]": 1.0,
    "z[6,5,0,3]": 1.0,
    "z[1,0,0,4]": 1.0,
    "z[2,0,0,4]": 1.0,
    "z[3,0,0,4]": 1.0,
    "z[4,0,0,4]": 1.0,
    "z[5,0,0,4]": 1.0,
    "z[6,0,0,4]": 1.0,
    "z[1,1,0,4]": 1.0,
    "z[3,1,0,4]": 1.0,
    "z[4,1,0,4]": 1.0,
    "z[5,1,0,4]": 1.0,
    "z[6,1,0,4]": 1.0,
    "z[2,4,0,4]": 1.0,
    "z[4,4,0,4]": 1.0,
    "z[1,5,0,4]": 1.0,
    "z[2,5,0,4]": 1.0,
    "z[3,5,0,4]": 1.0,
    "z[4,5,0,4]": 1.0,
    "z[5,5,0,4]": 1.0,
    "z[6,5,0,4]": 1.0,
    "z[1,0,0,5]": 1.0,
    "z[2,0,0,5]": 1.0,
    "z[3,0,0,5]": 1.0,
    "z[4,0,0,5]": 1.0,
    "z[5,0,0,5]": 1.0,
    "z[6,0,0,5]": 1.0,
    "z[1,1,0,5]": 1.0,
    "z[3,1,0,5]": 1.0,
    "z[4,1,0,5]": 1.0,
    "z[5,1,0,5]": 1.0,
    "z[6,1,0,5]": 1.0,
    "z[4,4,0,5]": 1.0,
    "z[1,5,0,5]": 1.0,
    "z[2,5,0,5]": 1.0,
    "z[3,5,0,5]": 1.0,
    "z[4,5,0,5]": 1.0,
    "z[5,5,0,5]": 1.0,
    "z[6,5,0,5]": 1.0,
    "z[1,0,1,0]": 1.0,
    "z[2,0,1,0]": 1.0,
    "z[3,0,1,0]": 1.0,
    "z[4,0,1,0]": 1.0,
    "z[5,0,1,0]": 1.0,
    "z[6,0,1,0]": 1.0,
    "z[1,4,1,0]": 1.0,
    "z[2,4,1,0]": 1.0,
    "z[3,4,1,0]": 1.0,
    "z[4,4,1,0]": 1.0,
    "z[6,4,1,0]": 1.0,
    "z[1,5,1,0]": 1.0,
    "z[2,5,1,0]": 1.0,
    "z[3,5,1,0]": 1.0,
    "z[4,5,1,0]": 1.0,
    "z[5,5,1,0]": 1.0,
    "z[6,5,1,0]": 1.0,
    "z[1,0,1,1]": 1.0,
    "z[2,0,1,1]": 1.0,
    "z[3,0,1,1]": 1.0,
    "z[4,0,1,1]": 1.0,
    "z[5,0,1,1]": 1.0,
    "z[6,0,1,1]": 1.0,
    "z[2,3,1,1]": 1.0,
    "z[1,4,1,1]": 1.0,
    "z[2,4,1,1]": 1.0,
    "z[3,4,1,1]": 1.0,
    "z[5,4,1,1]": 1.0,
    "z[1,5,1,1]": 1.0,
    "z[2,5,1,1]": 1.0,
    "z[3,5,1,1]": 1.0,
    "z[4,5,1,1]": 1.0,
    "z[5,5,1,1]": 1.0,
    "z[6,5,1,1]": 1.0,
    "z[1,0,1,2]": 1.0,
    "z[2,0,1,2]": 1.0,
    "z[3,0,1,2]": 1.0,
    "z[4,0,1,2]": 1.0,
    "z[5,0,1,2]": 1.0,
    "z[6,0,1,2]": 1.0,
    "z[2,3,1,2]": 1.0,
    "z[2,4,1,2]": 1.0,
    "z[1,5,1,2]": 1.0,
    "z[2,5,1,2]": 1.0,
    "z[3,5,1,2]": 1.0,
    "z[4,5,1,2]": 1.0,
    "z[5,5,1,2]": 1.0,
    "z[6,5,1,2]": 1.0,
    "z[1,0,1,3]": 1.0,
    "z[2,0,1,3]": 1.0,
    "z[3,0,1,3]": 1.0,
    "z[4,0,1,3]": 1.0,
    "z[5,0,1,3]": 1.0,
    "z[6,0,1,3]": 1.0,
    "z[1,4,1,3]": 1.0,
    "z[2,4,1,3]": 1.0,
    "z[3,4,1,3]": 1.0,
    "z[4,4,1,3]": 1.0,
    "z[6,4,1,3]": 1.0,
    "z[1,5,1,3]": 1.0,
    "z[2,5,1,3]": 1.0,
    "z[3,5,1,3]": 1.0,
    "z[4,5,1,3]": 1.0,
    "z[5,5,1,3]": 1.0,
    "z[6,5,1,3]": 1.0,
    "z[1,0,1,4]": 1.0,
    "z[2,0,1,4]": 1.0,
    "z[3,0,1,4]": 1.0,
    "z[4,0,1,4]": 1.0,
    "z[5,0,1,4]": 1.0,
    "z[6,0,1,4]": 1.0,
    "z[2,4,1,4]": 1.0,
    "z[3,4,1,4]": 1.0,
    "z[4,4,1,4]": 1.0,
    "z[1,5,1,4]": 1.0,
    "z[2,5,1,4]": 1.0,
    "z[3,5,1,4]": 1.0,
    "z[4,5,1,4]": 1.0,
    "z[5,5,1,4]": 1.0,
    "z[6,5,1,4]": 1.0,
    "z[1,0,1,5]": 1.0,
    "z[2,0,1,5]": 1.0,
    "z[3,0,1,5]": 1.0,
    "z[4,0,1,5]": 1.0,
    "z[5,0,1,5]": 1.0,
    "z[6,0,1,5]": 1.0,
    "z[1,4,1,5]": 1.0,
    "z[2,4,1,5]": 1.0,
    "z[3,4,1,5]": 1.0,
    "z[4,4,1,5]": 1.0,
    "z[1,5,1,5]": 1.0,
    "z[2,5,1,5]": 1.0,
    "z[3,5,1,5]": 1.0,
    "z[4,5,1,5]": 1.0,
    "z[5,5,1,5]": 1.0,
    "z[6,5,1,5]": 1.0
  },
  "e": {},
  "e_a": {},
  "L": 30,
  "L_a": 60,
  "staff_velocity": 0.58,
  "drone_velocity": 0.83,
  "num_staff": 2,
  "cus_per_staff": -1,
  "distance_coeff": -1,
  "solver": "GUROBI",
  "solver_log": false,
  "num_worker": -1,
  "time_limit": 180,
  "model_params": {},
  "Optimal": -105.6722937552432,
  "Time": 6.655403137207031,
  "num_constraint": 4007,
  "Number of variables": 2481,
  "status": "OPTIMAL"
}