{
  "x": {
    "x[0,1,0]": 1.0,
    "x[4,2,0]": 1.0,
    "x[5,3,0]": 1.0,
    "x[1,4,0]": 1.0,
    "x[6,5,0]": 1.0,
    "x[2,6,0]": 1.0,
    "x[3,7,0]": 1.0
  },
  "y": {
    "y[0,1,0]": 1.0,
    "y[1,7,0]": 0.9999999794768062,
    "y[0,4,1]": 1.0,
    "y[4,7,1]": 1.0,
    "y[0,2,2]": 1.0,
    "y[2,7,2]": 1.0,
    "y[0,6,3]": 1.0,
    "y[6,7,3]": 1.0,
    "y[0,5,4]": 1.0,
    "y[5,7,4]": 1.0,
    "y[0,3,5]": 1.0,
    "y[3,7,5]": 1.0
  },
  "f": {
    "f[1,4,0,0]": 1.0,
    "f[4,2,0,1]": 1.0,
    "f[2,6,0,2]": 1.0,
    "f[6,5,0,3]": 1.0,
    "f[5,3,0,4]": 1.0,
    "f[3,7,0,5]": 1.0
  },
  "g": {
    "g[1,1,0,0]": 0.9999999844259295,
    "g[4,4,0,1]": 1.0,
    "g[2,2,0,2]": 1.0,
    "g[6,6,0,3]": 1.0,
    "g[5,5,0,4]": 1.0,
    "g[3,3,0,5]": 1.0
  },
  "s": {},
  "t": {
    "t[1]": 2.135952590993013,
    "t[2]": 13.226646926273538,
    "t[3]": 33.27290761277766,
    "t[4]": 5.99226593129157,
    "t[5]": 26.10442355448879,
    "t[6]": 20.50590898301772
  },
  "t_a": {
    "t_a[1]": 2.135952590993013,
    "t_a[2]": 13.226646926273538,
    "t_a[3]": 33.27290687177154,
    "t_a[4]": 5.992265931292295,
    "t_a[5]": 26.10442355448879,
    "t_a[6]": 20.50590898301858
  },
  "T": {
    "T[1]": 2.135952216253763,
    "T[2]": 13.226646926274647,
    "T[3]": 33.27290761277834,
    "T[4]": 5.992265916750622,
    "T[5]": 26.104423554490637,
    "T[6]": 20.505908983020266
  },
  "v": {
    "v[1, 0]": 1.4925937016847572,
    "v[7, 0]": 2.9851861940526727,
    "v[1, 1]": 30.0,
    "v[4, 1]": 1.2412349628459247,
    "v[7, 1]": 2.4824699223585176,
    "v[2, 2]": 4.097784260025798,
    "v[7, 2]": 8.195568520051548,
    "v[6, 3]": 2.1817602806928704,
    "v[7, 3]": 4.363520561385741,
    "v[1, 4]": 30.0,
    "v[5, 4]": 2.281123949001124,
    "v[7, 4]": 4.562247898002198,
    "v[1, 5]": 30.0,
    "v[3, 5]": 3.766983119905163,
    "v[7, 5]": 7.533966239808812
  },
  "A": {
    "A[0]": 3.628535830396805,
    "A[1]": 7.233500503189873,
    "A[2]": 17.324430807728202,
    "A[3]": 22.687668885141306,
    "A[4]": 28.385546762483216,
    "A[5]": 37.039889623935665
  },
  "B": {
    "B[0]": 38.663589622321915,
    "B[1]": 440.24016340256975
  },
  "B_a": {
    "B_a[0]": 480.0,
    "B_a[1]": 480.0
  },
  "C": {
    "C[1, 0]": 1.4925737792011031,
    "C[4, 1]": 1.2412345831059137,
    "C[2, 2]": 4.097783881453554,
    "C[6, 3]": 2.1817599021203424,
    "C[5, 4]": 2.2811232079925787,
    "C[3, 5]": 3.7669820111573227
  },
  "D": {},
  "u": {},
  "L": 30,
  "L_a": 480,
  "staff_velocity": 0.58,
  "drone_velocity": 0.83,
  "num_staff": 2,
  "cus_per_staff": -1,
  "distance_coeff": -1,
  "solver": "GUROBI",
  "solver_log": true,
  "num_worker": -1,
  "time_limit": 36000,
  "model_params": {
    "MIPFocus": 1,
    "Threads": 4
  },
  "Optimal": 15.061457365030815,
  "Time": 36000.00458288193,
  "num_constraint": 804,
  "Number of variables": 1706,
  "status": "FEASIBLE"
}