{
  "x": {
    "x[2,1,1]": 1.0,
    "x[6,2,1]": 1.0,
    "x[4,3,1]": 1.0,
    "x[1,4,1]": 1.0,
    "x[0,5,1]": 1.0,
    "x[5,6,1]": 1.0,
    "x[3,7,1]": 1.0
  },
  "y": {
    "y[0,5,0]": 1.0,
    "y[5,7,0]": 1.0,
    "y[0,6,1]": 1.0,
    "y[6,7,1]": 1.0,
    "y[0,2,2]": 1.0,
    "y[2,7,2]": 1.0,
    "y[0,1,3]": 1.0,
    "y[1,7,3]": 1.0,
    "y[0,4,4]": 1.0,
    "y[4,7,4]": 1.0,
    "y[0,3,5]": 0.9999999973894377,
    "y[3,7,5]": 0.999999996065103
  },
  "f": {
    "f[5,6,1,0]": 1.0,
    "f[6,2,1,1]": 1.0,
    "f[2,1,1,2]": 1.0,
    "f[1,4,1,3]": 1.0,
    "f[4,3,1,4]": 1.0,
    "f[3,7,1,5]": 0.9999999990561044
  },
  "g": {
    "g[5,5,1,0]": 1.0,
    "g[6,6,1,1]": 1.0,
    "g[2,2,1,2]": 0.9999980604954981,
    "g[1,1,1,3]": 1.0,
    "g[2,1,1,3]": 9.850515687581662e-07,
    "g[4,4,1,4]": 1.0,
    "g[3,3,1,5]": 0.9999999967287823
  },
  "s": {},
  "t": {
    "t[1]": 464.00897839001925,
    "t[2]": 459.97197590391374,
    "t[3]": 474.60931725944823,
    "t[4]": 467.86529171577683,
    "t[5]": 3.2643670304669286,
    "t[6]": 451.1393389582742
  },
  "t_a": {
    "t_a[1]": 464.0089783900203,
    "t_a[2]": 458.41860101502186,
    "t_a[3]": 474.6093172594482,
    "t_a[4]": 467.8652917157769,
    "t_a[5]": 3.264367030467156,
    "t_a[6]": 8.862881601938842
  },
  "T": {
    "T[1]": 464.0089783900219,
    "T[2]": 458.41860101502186,
    "T[3]": 474.6093172594482,
    "T[4]": 467.8652917157769,
    "T[5]": 3.2643670304671275,
    "T[6]": 8.862881601938842
  },
  "v": {
    "v[1, 0]": 30.0,
    "v[5, 0]": 27.718876050998883,
    "v[7, 0]": 30.0,
    "v[3, 1]": 30.0,
    "v[6, 1]": 2.18176028069287,
    "v[7, 1]": 4.363520561385741,
    "v[1, 2]": 30.0,
    "v[2, 2]": 4.097784260025772,
    "v[4, 2]": 30.0,
    "v[7, 2]": 8.195568520051545,
    "v[1, 3]": 1.4925931149725091,
    "v[7, 3]": 2.9851862299450236,
    "v[1, 4]": 30.0,
    "v[4, 4]": 1.2412349611792584,
    "v[7, 4]": 2.4824699223585247,
    "v[3, 5]": 3.766983105069706,
    "v[6, 5]": 30.0,
    "v[7, 5]": 7.533966224973322
  },
  "A": {
    "A[0]": 5.545490979468298,
    "A[1]": 11.044641882631698,
    "A[2]": 462.51638527504764,
    "A[3]": 465.50157150499433,
    "A[4]": 469.10652667695626,
    "A[5]": 478.3762984813254
  },
  "B": {
    "B[0]": 466.65633853364733,
    "B[1]": 480.0
  },
  "B_a": {
    "B_a[1]": 36.17016775477049
  },
  "C": {
    "C[5, 0]": 2.28112394900114,
    "C[6, 1]": 2.1817602806928558,
    "C[2, 2]": 4.097775669565859,
    "C[1, 3]": 1.492593114972523,
    "C[4, 4]": 1.241234961179373,
    "C[3, 5]": 3.766979352701061
  },
  "D": {},
  "u": {},
  "L": 30,
  "L_a": 480,
  "staff_velocity": 0.58,
  "drone_velocity": 0.83,
  "num_staff": 2,
  "cus_per_staff": -1,
  "distance_coeff": -1,
  "solver": "GUROBI",
  "solver_log": true,
  "num_worker": -1,
  "time_limit": 50000,
  "model_params": {
    "MIPFocus": 2,
    "Threads": 6
  },
  "Optimal": 15.061467328112812,
  "Time": 50000.00818490982,
  "num_constraint": 804,
  "Number of variables": 1700,
  "status": "FEASIBLE"
}